{
	"appId": "com.arabcoderz.technicians",
	"appName": "technical-app",
	"webDir": "./dist",
	"bundledWebRuntime": false,
	"plugins": {
		"SplashScreen": {
			"launchShowDuration": 3000,
			"launchAutoHide": true,
			"launchFadeOutDuration": 3000,
			"backgroundColor": "#ffffffff",
			"androidSplashResourceName": "splash",
			"androidScaleType": "CENTER_CROP",
			"showSpinner": true,
			"androidSpinnerStyle": "large",
			"iosSpinnerStyle": "small",
			"spinnerColor": "#999999",
			"splashFullScreen": true,
			"splashImmersive": true,
			"layoutName": "launch_screen",
			"useDialog": true
		}
	}
}
